test,item,basis,paper,ours,rule,label,notes
B-rain,"seasons with rain (rain, primary)",pre-registered,"seven: [1991, 1996, 2004, 2009, 2013, 2018, 2022]","8 covered seasons: [np.int32(1991), np.int32(1996), np.int32(1997), np.int32(2004), np.int32(2009), np.int32(2013), np.int32(2018), np.int32(2022)]",exact match = replicated; ≥5 of the authors' seasons or count ±2 = partial,partially replicated,"authors' seasons covered by JMA: [1991, 1996, 2004, 2009, 2013, 2018, 2022]; matched [1991, 1996, 2004, 2009, 2013, 2018, 2022]; missing []; extra [np.int32(1997)]"
B-rain,"mean interval between rain seasons (rain, primary)",pre-registered,approximately every five years,4.4 years (range 1–7),4–6 years,replicated,
B-rain,"trend in rain events per season (rain, primary)",pre-registered,no significant trend,"Poisson slope -0.009 per year, p = 0.79 (9 events)",p ≥ 0.05,replicated,
B-rain,"seasons with rain (rain or sleet, sensitivity)",pre-registered,"seven: [1991, 1996, 2004, 2009, 2013, 2018, 2022]","13 covered seasons: [np.int32(1991), np.int32(1992), np.int32(1996), np.int32(1997), np.int32(2004), np.int32(2005), np.int32(2009), np.int32(2012), np.int32(2013), np.int32(2018), np.int32(2021), np.int32(2022), np.int32(2024)]",exact match = replicated; ≥5 of the authors' seasons or count ±2 = partial,partially replicated,"authors' seasons covered by JMA: [1991, 1996, 2004, 2009, 2013, 2018, 2022]; matched [1991, 1996, 2004, 2009, 2013, 2018, 2022]; missing []; extra [np.int32(1992), np.int32(1997), np.int32(2005), np.int32(2012), np.int32(2021), np.int32(2024)]"
B-rain,"mean interval between rain seasons (rain or sleet, sensitivity)",pre-registered,approximately every five years,2.8 years (range 1–7),4–6 years,not replicated,
B-rain,"trend in rain events per season (rain or sleet, sensitivity)",pre-registered,no significant trend,"Poisson slope +0.012 per year, p = 0.60 (18 events)",p ≥ 0.05,replicated,
B-rain,no rain between December 2017 and 2 January 2022,pre-registered,last recorded rain at Syowa was in December 2017,"2 rain days: 2018-02-04, 2022-01-01",no rain day 25 Dec 2017 – 1 Jan 2022,not replicated,
B-rain,no rain between December 2017 and the January 2022 event,post hoc,last recorded rain at Syowa was in December 2017,1 rain day(s): 2018-02-04 (ふぶき / 雨後晴、大風を伴う),no rain day outside the January 2022 event,not replicated,"the 1 Jan 2022 rain day is the onset of the 2 Jan event; the Hirasawa WAMC 2023 abstract also says 'for the first time since December 24, 2017'"
B-rain,number of rain events since December 1989,pre-registered,seven,9 events in 8 seasons (sleet included: 18),—,reported,JMA summaries start in February 1990: the 1989/90 summer cannot be checked
B-rain,rain events in December–January only,post hoc,"seven: [1991, 1996, 2004, 2009, 2013, 2018, 2022]","7 events in seasons [1991, 1996, 2004, 2009, 2013, 2018, 2022]",exact match of events and seasons,replicated,the events JMA adds outside December–January: 1997-02-02; 2018-02-04
