site,t1,t2,dt_days,sat,v_its,v_err,v_gnss,interp_frac,ov_I,ov_II
GNSS1,2021-12-20 06:07:29.000000000,2022-01-29 06:07:29.000000000,40.0,2B,0.2874743326488706,0.06844626967830253,0.24176609454793538,0.365625,5.0,5.0
GNSS1,2022-01-22 06:17:49.000000000,2022-02-01 06:17:49.000000000,10.0,2B,0.4161533196440794,0.07665982203969883,0.23202411129591752,0.4125,0.0,0.0
GNSS1,2021-12-23 06:17:49.000000000,2022-01-22 06:17:49.000000000,30.0,2B,0.36413415468856947,0.46269678302532513,0.24083120249886417,0.35,2.737627314814815,5.0
GNSS1,2022-01-19 06:07:29.000000000,2022-01-29 06:07:29.000000000,10.0,2B,0.4407939767282683,0.12320328542094455,0.23150176318897867,0.6125,0.0,0.0
GNSS1,2021-12-23 06:17:49.000000000,2022-02-01 06:17:49.000000000,40.0,2B,0.2299794661190965,0.06844626967830253,0.23862942969812748,0.365625,2.737627314814815,5.0
GNSS1,2021-12-20 06:07:29.000000000,2022-01-19 06:07:29.000000000,30.0,2B,1.377138945927447,0.8268309377138946,0.24518753833425433,0.2833333333333333,5.0,5.0
GNSS1,2021-12-19 05:59:01.261309952,2022-01-20 05:59:00.328814336,31.999989207226665,9,0.34770704996577684,0.25735797399041754,0.24491382729677516,0.2915567282321899,5.0,5.0
GNSS1,2022-01-19 06:05:07.383899136,2022-01-27 06:05:12.010813952,8.000053552254816,8,0.621492128678987,0.4544832306639288,0.23172830117999652,0.765625,0.0,0.0
GNSS2,2021-12-23 06:17:49.000000000,2022-01-22 06:17:49.000000000,30.0,2B,0.3750855578370979,0.4216290212183436,0.2892302036774606,0.0,2.737627314814815,5.0
GNSS2,2021-12-25 06:11:23.789481984,2022-01-26 06:11:15.061412096,31.999898980672594,8,0.29842573579739906,0.16700889801505817,0.289149463964133,0.06380208333333337,0.7420857698844444,5.0
GNSS2,2022-01-19 06:05:07.383899136,2022-01-27 06:05:12.010813952,8.000053552254816,8,0.5776865160848734,0.3723477070499658,0.4708967991349013,0.38020833333333337,0.0,0.0
