start,end,season,days,summaries,summaries_en
1991-01-17,1991-01-17,1991,1,雨一時ふぶき / 雨一時曇後晴,"rain, briefly blizzard / rain, briefly cloudy, later clear"
1996-01-29,1996-01-29,1996,1,曇 / 曇後霧雨,"cloudy / cloudy, later drizzle"
1997-02-02,1997-02-02,1997,1,晴後曇 / 曇一時雨,"clear, later cloudy / cloudy, briefly rain"
2004-01-01,2004-01-01,2004,1,薄曇一時雪 / 曇一時雨,"thin cloud, briefly snow / cloudy, briefly rain"
2008-12-31,2008-12-31,2009,1,晴後一時曇 / 曇後一時霧雨、霧を伴う,"clear, later briefly cloudy / cloudy, later briefly drizzle; with fog"
2012-12-22,2012-12-22,2013,1,雨時々みぞれ一時曇 / 雨後曇,"rain, at times sleet, briefly cloudy / rain, later cloudy"
2017-12-23,2017-12-23,2018,1,曇 / 曇後一時雨,"cloudy / cloudy, later briefly rain"
2018-02-04,2018-02-04,2018,1,ふぶき / 雨後晴、大風を伴う,"blizzard / rain, later clear; with strong wind"
2022-01-01,2022-01-02,2022,2,曇一時晴 / 雪後時々曇一時雨 | 曇時々雨一時みぞれ / 雪時々雨一時曇,"cloudy, briefly clear / snow, later at times cloudy, briefly rain | cloudy, at times rain, briefly sleet / snow, at times rain, briefly cloudy"
