metric,code_constants,jma_corrected
c1_min_BH2201,89.21367123381054,89.21990740845594
c1_max_BH2201,112.73299424088998,112.73975869907399
c1_min_BH2202,89.45865105509932,89.46451741402738
c1_max_BH2202,103.45731796255113,103.46850115932996
pre_min,28.491601549899997,28.271375882916974
pre_max,32.640182680000066,32.49749693826339
peak,51.04670274490002,50.947203536217614
peak_time,2022-01-03T23:07,2022-01-03T23:08
rise,20.185200109800007,20.284587798138006
drop_1h,7.9164072999000155,7.912363115998801
decline_10d,23.961914511644988,23.882352839881484
