scene,time,clear,water_frac,ndwi_median,offset,baseline,acq
S2B_37DED_20211210_1_L2A,2021-12-10 06:08:51.949,0.0,,,0,05.00,2021-12-10 06:08:00
S2B_37DED_20211213_1_L2A,2021-12-13 06:18:49.144,1.0,0.005925,0.06280193236714976,0,05.00,2021-12-13 06:18:00
S2B_37DED_20211220_2_L2A,2021-12-20 06:08:51.798,1.0,0.03195,0.15850622406639003,0,05.00,2021-12-20 06:08:00
S2B_37DED_20211223_2_L2A,2021-12-23 06:18:49.982,1.0,0.013775,0.1302337528898022,0,05.00,2021-12-23 06:18:00
S2B_37DED_20211230_2_L2A,2021-12-30 06:08:53.138,0.0,,,0,05.00,2021-12-30 06:08:00
S2B_37DED_20220102_0_L2A,2022-01-02 06:18:50.949,0.04700000000000004,0.0,0.019745086033463706,0,03.01,2022-01-02 06:18:00
S2B_37DED_20220109_0_L2A,2022-01-09 06:08:53.338,1.0,0.00075,0.050625529184642144,0,03.01,2022-01-09 06:08:00
S2B_37DED_20220112_0_L2A,2022-01-12 06:18:50.851,0.009499999999999953,0.0,0.020777460035749505,0,03.01,2022-01-12 06:18:00
S2B_37DED_20220119_1_L2A,2022-01-19 06:08:51.419,1.0,0.0,0.11298660365296642,0,03.01,2022-01-19 06:08:00
S2B_37DED_20220122_0_L2A,2022-01-22 06:18:49.749,1.0,0.006,0.1650485436893204,0,03.01,2022-01-22 06:18:00
