station,h_hours,gap,windows,period,n_hours,first,peak_time,peak_speed,B1,speedup_B1,B2,speedup_B2,B3,speedup_B3,B4,speedup_B4
GNSS1,1,observed,paper,I,81,2021-12-21 00:00,2021-12-23 21:00:00.000000000,0.41470897428483405,0.2409682878025513,72.10105863583401,0.23668530346560368,75.21534637451694,0.24154421229628348,71.69071050899072,0.24019239262683453,72.65699789631988
GNSS1,1,observed,paper,II,120,2022-01-02 00:20,2022-01-03 10:20:50.000000006,0.39349081704509753,0.23282195587880633,69.00932541341854,0.23668530346560368,66.25063376707783,0.24089493565498718,63.34540864265412,0.23290509176101687,68.94899723740566
GNSS1,1,observed,code,I,81,2021-12-22 00:00,2021-12-23 21:00:00.000000000,0.41470897428483405,0.2510218998810634,65.20828440917992,0.23747678368453656,74.63137568669961,0.2467400354557,68.07526736344795,0.2757160891045539,50.41159753559861
GNSS1,1,observed,code,II,120,2022-01-02 00:20,2022-01-03 10:20:50.000000006,0.39349081704509753,0.23282195587880633,69.00932541341854,0.23747678368453656,65.69654133761958,0.2444007483353875,61.00229632076084,0.23290509176101687,68.94899723740566
GNSS1,1,spline,paper,I,120,2021-12-21 00:00,2021-12-23 21:00:00.000000000,0.41470897428482856,0.2409682878025513,72.10105863583172,0.23668530346560368,75.21534637451464,0.24154421229628348,71.69071050898846,0.24019239262683453,72.65699789631759
GNSS1,1,spline,paper,II,120,2022-01-02 00:00,2022-01-03 10:00:00.000000000,0.4105432264147367,0.23282195587880633,76.33355276357258,0.23668530346560368,73.45530981580313,0.24089582551387606,70.42355364148416,0.23429086191780923,75.22801489319626
GNSS1,1,spline,code,I,121,2021-12-22 00:00,2021-12-23 21:00:00.000000000,0.41470897428482856,0.2510218998810634,65.20828440917772,0.23747678368453656,74.63137568669731,0.2467400354557,68.07526736344573,0.2757160891045539,50.411597535596606
GNSS1,1,spline,code,II,121,2022-01-02 00:00,2022-01-03 10:00:00.000000000,0.4105432264147367,0.23282195587880633,76.33355276357258,0.23747678368453656,72.87720510822693,0.24440395441936896,67.97732564927811,0.23429086191780923,75.22801489319626
GNSS1,3,observed,paper,I,81,2021-12-21 00:00,2021-12-22 21:00:00.000000000,0.3133588940065281,0.23820820120972844,31.54832302798587,0.23349384568326378,34.20434833713,0.23710234440421632,32.16187077100692,0.2545247504504181,23.115293680474892
GNSS1,3,observed,paper,II,120,2022-01-02 00:20,2022-01-03 20:20:50.000000006,0.30056140836592116,0.23353657488855326,28.69992998285302,0.23349384568326378,28.723481977180263,0.23538529084654272,27.689120796366762,0.23223476684644617,29.421366338595046
GNSS1,3,observed,code,I,81,2021-12-22 00:00,2021-12-22 21:00:00.000000000,0.3133588940065281,0.24261185218321424,29.160587657476643,0.23390993263734672,33.965621071918676,0.24245355111463857,29.244918280600317,0.26920431793474,16.401882559139345
GNSS1,3,observed,code,II,120,2022-01-02 00:20,2022-01-03 20:20:50.000000006,0.30056140836592116,0.23353657488855326,28.69992998285302,0.23390993263734672,28.49450426370337,0.2388275798853446,25.848701607332593,0.23223476684644617,29.421366338595046
GNSS1,3,spline,paper,I,120,2021-12-21 00:00,2021-12-24 13:00:00.000000000,0.35603438809469623,0.23820820120972844,49.4635307628341,0.23349384568326378,52.48127292299585,0.23686332297998022,50.31216467599266,0.23529514681453992,51.31395309879605
GNSS1,3,spline,paper,II,120,2022-01-02 00:00,2022-01-03 20:00:00.000000000,0.3006526312140517,0.23353657488855326,28.738991465267127,0.23349384568326378,28.76255060781745,0.2353873656852927,27.7267496234344,0.2321543976079395,29.505464601102016
GNSS1,3,spline,code,I,121,2021-12-22 00:00,2021-12-24 13:00:00.000000000,0.35603438809469623,0.24261185218321424,46.75061621714516,0.23390993263734672,52.21003404190232,0.2419487999357381,47.15278116248538,0.25296498535385625,40.74453331818351
GNSS1,3,spline,code,II,121,2022-01-02 00:00,2022-01-03 20:00:00.000000000,0.3006526312140517,0.23353657488855326,28.738991465267127,0.23390993263734672,28.533503397729888,0.23883196140599272,25.884588245276554,0.2321543976079395,29.505464601102016
GNSS1,6,observed,paper,I,81,2021-12-21 00:00,2021-12-22 21:00:00.000000000,0.2965574656021108,0.23317967152107008,27.17981103053142,0.23219506923758623,27.7191055675122,0.2371781501403507,25.03574440842138,0.25504530619117444,16.27638635302706
GNSS1,6,observed,paper,II,120,2022-01-02 00:20,2022-01-03 20:20:50.000000006,0.27068299223709813,0.23320591905872093,16.070378200366562,0.23219506923758623,16.575684886801078,0.23523032562443635,15.071469428335838,0.23309954007327569,16.12334891437708
GNSS1,6,observed,code,I,81,2021-12-22 00:00,2021-12-22 21:00:00.000000000,0.2965574656021108,0.2334871243399505,27.012342303865864,0.23229836014274494,27.662315575486353,0.24187109068145624,22.60971940324874,0.26734756084983047,10.925816812926747
GNSS1,6,observed,code,II,120,2022-01-02 00:20,2022-01-03 20:20:50.000000006,0.27068299223709813,0.23320591905872093,16.070378200366562,0.23229836014274494,16.52384978988497,0.2382401900706692,13.617686485561231,0.23309954007327569,16.12334891437708
GNSS1,6,spline,paper,I,120,2021-12-21 00:00,2021-12-24 17:00:00.000000000,0.3364892030776849,0.23317967152107008,44.304690405775695,0.23219506923758623,44.91660145176597,0.23687988980557062,42.05055707931682,0.2316197471943216,45.27656089503507
GNSS1,6,spline,paper,II,120,2022-01-02 00:00,2022-01-03 20:00:00.000000000,0.27073142262613964,0.23320591905872093,16.091145421557606,0.23219506923758623,16.596542517068833,0.23523267932025813,15.09090633514898,0.23264730465543096,16.36989434591314
GNSS1,6,spline,code,I,121,2021-12-22 00:00,2021-12-24 17:00:00.000000000,0.3364892030776849,0.2334871243399505,44.114671859920776,0.23229836014274494,44.85216463470329,0.24131510957386365,39.43975728328341,0.23255366888765702,44.693138872918595
GNSS1,6,spline,code,II,121,2022-01-02 00:00,2022-01-03 20:00:00.000000000,0.27073142262613964,0.23320591905872093,16.091145421557606,0.23229836014274494,16.54469814585775,0.23824457754783357,13.635922132071832,0.23264730465543096,16.36989434591314
GNSS1,12,observed,paper,I,81,2021-12-21 00:00,2021-12-23 00:00:00.000000000,0.28667706401651555,0.23372155075632842,22.65752263273193,0.23206510914876716,23.53303134110478,0.23767502939818963,20.617241425152066,0.25472293784364064,12.544659873736874
GNSS1,12,observed,paper,II,120,2022-01-02 00:20,2022-01-03 21:20:50.000000006,0.26118255002693935,0.23224543625480498,12.459712551848124,0.23206510914876716,12.547099813917416,0.23556899790563177,10.873057299147781,0.23307142830907135,12.061161645515138
GNSS1,12,observed,code,I,81,2021-12-22 00:00,2021-12-23 00:00:00.000000000,0.28667706401651555,0.2313676630807024,23.905415389237405,0.23206510914876716,23.53303134110478,0.24198532132198358,18.46878250729329,0.26678406506335783,7.456591887687658
GNSS1,12,observed,code,II,120,2022-01-02 00:20,2022-01-03 21:20:50.000000006,0.26118255002693935,0.23224543625480498,12.459712551848124,0.23206510914876716,12.547099813917416,0.23833439960039793,9.58659365364365,0.23307142830907135,12.061161645515138
GNSS1,12,spline,paper,I,120,2021-12-21 00:00,2021-12-24 17:00:00.000000000,0.33301372842516686,0.23372155075632842,42.48310750443278,0.23206510914876716,43.50012789371356,0.23737242511655768,40.2916654121245,0.2314916634944324,43.85560300454454
GNSS1,12,spline,paper,II,120,2022-01-02 00:00,2022-01-03 22:00:00.000000000,0.2611773994719099,0.23224543625480498,12.457494831184789,0.23206510914876716,12.544880369965504,0.23556418001903454,10.873138458829224,0.23311115891851208,12.039852868308554
GNSS1,12,spline,code,I,121,2021-12-22 00:00,2021-12-24 17:00:00.000000000,0.33301372842516686,0.2313676630807024,43.932701740177805,0.23206510914876716,43.50012789371356,0.24146074011380073,37.916304020362524,0.230925823993795,44.20809360589961
GNSS1,12,spline,code,II,121,2022-01-02 00:00,2022-01-03 22:00:00.000000000,0.2611773994719099,0.23224543625480498,12.457494831184789,0.23206510914876716,12.544880369965504,0.23832604752832617,9.588272948162624,0.23311115891851208,12.039852868308554
GNSS2,1,observed,paper,I,56,2021-12-23 16:00,2021-12-25 10:00:00.000000000,0.45321071858345297,0.2853071017642599,58.850135794350635,0.2850761382847299,58.978833272531816,0.28260540087470587,60.36873930246847,0.2866627894924267,58.09890058836056
GNSS2,1,observed,paper,II,120,2022-01-02 00:00,2022-01-03 10:00:00.000000000,0.40696225421902,0.28270698392837856,43.951963465508314,0.2850761382847299,42.75563597418737,0.28357307910615265,43.51230219095583,0.282540071475919,44.03700405862805
GNSS2,1,observed,code,I,81,2021-12-23 16:00,2021-12-25 10:00:00.000000000,0.45321071858345297,0.2828476158037161,60.23140845491921,0.2849858988586714,59.02917316207517,0.2813944260630574,61.058882695101204,0.2853071017642599,58.850135794350635
GNSS2,1,observed,code,II,121,2022-01-02 00:00,2022-01-03 10:00:00.000000000,0.40696225421902,0.28270698392837856,43.951963465508314,0.2849858988586714,42.800838865658534,0.2828609144365412,43.87362602913469,0.282540071475919,44.03700405862805
GNSS2,1,spline,paper,I,56,2021-12-23 16:00,2021-12-25 10:00:00.000000000,0.45321071858345297,0.2853071017642599,58.850135794350635,0.2850761382847299,58.978833272531816,0.28260540087470587,60.36873930246847,0.2866627894924267,58.09890058836056
GNSS2,1,spline,paper,II,120,2022-01-02 00:00,2022-01-03 10:00:00.000000000,0.40696225421900817,0.28270698392837856,43.95196346550414,0.2850761382847299,42.755635974183214,0.28357307910615265,43.51230219095166,0.282540071475919,44.03700405862385
GNSS2,1,spline,code,I,81,2021-12-23 16:00,2021-12-25 10:00:00.000000000,0.45321071858345297,0.2828476158037161,60.23140845491921,0.2849858988586714,59.02917316207517,0.2813944260630574,61.058882695101204,0.2853071017642599,58.850135794350635
GNSS2,1,spline,code,II,121,2022-01-02 00:00,2022-01-03 10:00:00.000000000,0.40696225421900817,0.28270698392837856,43.95196346550414,0.2849858988586714,42.80083886565438,0.2828609144365412,43.87362602913052,0.282540071475919,44.03700405862385
GNSS2,3,observed,paper,I,56,2021-12-23 16:00,2021-12-25 08:00:00.000000000,0.3789023292518737,0.2804963866859349,35.08278439113071,0.28206602463559116,34.331077180028345,0.2811473344982172,34.77002367037429,0.2792684154167786,35.67675696028927
GNSS2,3,observed,paper,II,120,2022-01-02 00:00,2022-01-03 08:00:00.000000000,0.3370766436558617,0.2814774074571207,19.752646118573768,0.28206602463559116,19.5027455331922,0.2819217179590043,19.56391515210538,0.278963155677152,20.83195819808019
GNSS2,3,observed,code,I,81,2021-12-23 16:00,2021-12-25 08:00:00.000000000,0.3789023292518737,0.2780169023785729,36.28751561871808,0.2820064233692846,34.3594676762752,0.27996850715807925,35.337482454029455,0.2780433277101299,36.27456280730927
GNSS2,3,observed,code,II,121,2022-01-02 00:00,2022-01-03 08:00:00.000000000,0.3370766436558617,0.281637065779893,19.68475907901137,0.2820064233692846,19.52800210315182,0.28123532775116955,19.85572593287399,0.278963155677152,20.83195819808019
GNSS2,3,spline,paper,I,56,2021-12-23 16:00,2021-12-25 08:00:00.000000000,0.37890232925187467,0.2804963866859349,35.08278439113104,0.28206602463559116,34.33107718002868,0.2811473344982172,34.77002367037463,0.2792684154167786,35.6767569602896
GNSS2,3,spline,paper,II,120,2022-01-02 00:00,2022-01-03 08:00:00.000000000,0.3370766436558617,0.2814774074571207,19.752646118573768,0.28206602463559116,19.5027455331922,0.2819217179590043,19.56391515210538,0.278963155677152,20.83195819808019
GNSS2,3,spline,code,I,81,2021-12-23 16:00,2021-12-25 08:00:00.000000000,0.37890232925187467,0.2780169023785729,36.287515618718416,0.2820064233692846,34.359467676275536,0.27996850715807925,35.33748245402979,0.2780433277101299,36.27456280730961
GNSS2,3,spline,code,II,121,2022-01-02 00:00,2022-01-03 08:00:00.000000000,0.3370766436558617,0.281637065779893,19.68475907901137,0.2820064233692846,19.52800210315182,0.28123532775116955,19.85572593287399,0.278963155677152,20.83195819808019
GNSS2,6,observed,paper,I,56,2021-12-23 16:00,2021-12-25 05:00:00.000000000,0.3531695321399201,0.2814891495089803,25.4647053913007,0.28167542700133885,25.381733117330608,0.28186008803183094,25.299589099694053,0.28195234641617384,25.25858948470201
GNSS2,6,observed,paper,II,120,2022-01-02 00:00,2022-01-03 22:00:00.000000000,0.31728407913864237,0.2815719633248132,12.683122066607421,0.28167542700133885,12.641731838799796,0.28207001900912265,12.484155619665781,0.282647888788435,12.254183287437526
GNSS2,6,observed,code,I,81,2021-12-23 16:00,2021-12-25 05:00:00.000000000,0.3531695321399201,0.2798980429654232,26.177921216672594,0.2816002287253811,25.415214944421784,0.2802542946740506,26.017527242775508,0.28058247465204345,25.870132330215377
GNSS2,6,observed,code,II,121,2022-01-02 00:00,2022-01-03 22:00:00.000000000,0.31728407913864237,0.2815719633248132,12.683122066607421,0.2816002287253811,12.67181158722015,0.2811780142644094,12.840998599655862,0.282687133149526,12.23859947343855
GNSS2,6,spline,paper,I,56,2021-12-23 16:00,2021-12-25 05:00:00.000000000,0.35316953213992053,0.2814891495089803,25.464705391300857,0.28167542700133885,25.38173311733076,0.28186008803183094,25.29958909969421,0.28195234641617384,25.258589484702163
GNSS2,6,spline,paper,II,120,2022-01-02 00:00,2022-01-03 22:00:00.000000000,0.3172840791386348,0.2815719633248132,12.683122066604756,0.28167542700133885,12.64173183879711,0.28207001900912265,12.484155619663095,0.282647888788435,12.254183287434838
GNSS2,6,spline,code,I,81,2021-12-23 16:00,2021-12-25 05:00:00.000000000,0.35316953213992053,0.2798980429654232,26.17792121667275,0.2816002287253811,25.415214944421937,0.2802542946740506,26.017527242775664,0.28058247465204345,25.870132330215533
GNSS2,6,spline,code,II,121,2022-01-02 00:00,2022-01-03 22:00:00.000000000,0.3172840791386348,0.2815719633248132,12.683122066604756,0.2816002287253811,12.671811587217462,0.2811780142644094,12.840998599653176,0.282687133149526,12.238599473435862
GNSS2,12,observed,paper,I,57,2021-12-23 15:00,2021-12-24 22:00:00.000000000,0.3429363560955868,0.2815110095997877,21.819873611026775,0.2819294021673624,21.639088885099223,0.28030701068738983,22.343124866771124,0.2821644760383527,21.53775021947617
GNSS2,12,observed,paper,II,120,2022-01-02 00:00,2022-01-03 18:00:00.000000000,0.31320420990102,0.2819584790108738,11.081678054073073,0.2819294021673624,11.093134484459299,0.28205748053570007,11.042688641394749,0.28450604901669463,10.087012555097342
GNSS2,12,observed,code,I,82,2021-12-23 15:00,2021-12-24 22:00:00.000000000,0.3429363560955868,0.27986770209877154,22.535166982061018,0.2818749819908697,21.662573128499574,0.27755711387361554,23.555239247710812,0.2810607640908355,22.01502305200944
GNSS2,12,observed,code,II,121,2022-01-02 00:00,2022-01-03 18:00:00.000000000,0.31320420990102,0.281913981249451,11.099211366846639,0.2818749819908697,11.114582673805762,0.28052082657499283,11.650965001448753,0.2844697208613135,10.101071197561762
GNSS2,12,spline,paper,I,56,2021-12-23 16:00,2021-12-24 23:00:00.000000000,0.3429342938926639,0.2815110095997877,21.819141063150283,0.2819294021673624,21.63835742434803,0.2803144279325056,22.339151938064326,0.2820952845310969,21.566829613155193
GNSS2,12,spline,paper,II,120,2022-01-02 00:00,2022-01-03 18:00:00.000000000,0.31319892579103015,0.2819584790108738,11.079803980270286,0.2819294021673624,11.091260217373545,0.28205748053570007,11.040815225387535,0.28450604901669463,10.085155262428835
GNSS2,12,spline,code,I,81,2021-12-23 16:00,2021-12-24 23:00:00.000000000,0.3429342938926639,0.27986770209877154,22.534430132861406,0.2818749819908697,21.661841526528946,0.27756967197829147,23.548906279460002,0.2810169485575454,22.03331352537241
GNSS2,12,spline,code,II,121,2022-01-02 00:00,2022-01-03 18:00:00.000000000,0.31319892579103015,0.281913981249451,11.097336997237006,0.2818749819908697,11.11270804486475,0.28052082657499283,11.649081323129984,0.2844697208613135,10.099213667708028
